<?xml version="1.0" encoding="UTF-8"?>
<ExtensionManifest ExtensionBundleId="com.moongorilla.coolorus2" ExtensionBundleName="Coolorus 2" ExtensionBundleVersion="2.5.14.813" Version="5.0">
	<ExtensionList>
		<Extension Id="com.moongorilla.coolorus2" Version="2.5.14.813" />
	</ExtensionList>
	<ExecutionEnvironment>
		<HostList>
			<Host Name="PHXS" Version="[15.2,20.9]" />
			<Host Name="PHSP" Version="[15.2,20.9]" />
		</HostList>
		<LocaleList>
			<Locale Code="All" />
		</LocaleList>
		<RequiredRuntimeList>
			<RequiredRuntime Name="CSXS" Version="5.0" />
		</RequiredRuntimeList>
	</ExecutionEnvironment>
	<DispatchInfoList>
		<Extension Id="com.moongorilla.coolorus2">
			<DispatchInfo>
				<Resources>
					<MainPath>./index.html</MainPath>
					<ScriptPath>./jsx/PHXS.jsx</ScriptPath>
					<CEFCommandLine>
						<Parameter>--enable-nodejs</Parameter>
						<Parameter>--mixed-context</Parameter>
					</CEFCommandLine>
				</Resources>
				<Lifecycle>
					<AutoVisible>true</AutoVisible>
				</Lifecycle>
				<UI>
					<Type>Panel</Type>
					<Menu>Coolorus 2&#8228;5&#8228;14</Menu>
					<Geometry>
						<MaxSize>
							<Width>2880</Width>
							<Height>2880</Height>
						</MaxSize>
						<Size>
							<Width>206</Width>
							<Height>345</Height>
						</Size>
						<MinSize>
							<Width>205</Width>
							<Height>230</Height>
						</MinSize>
					</Geometry>
					<Icons>
							<Icon Type="Normal">./assets/Icon.png</Icon>
							<Icon Type="RollOver">./assets/Icon.png</Icon>
							<Icon Type="DarkNormal">./assets/IconDark.png</Icon>
							<Icon Type="DarkRollOver">./assets/IconDark.png</Icon>
					</Icons>
				</UI>
			</DispatchInfo>
		</Extension>
	</DispatchInfoList>

</ExtensionManifest>
